address	type
0xa69babef1ca67a37ffaf7a485dfff3382056e78c	contract
0xcbb011006eadd48a241eca39181be7834b93dd0b	contract
0x881d40237659c251811cec9c364ef91dc08d300c	contract
0xc02aaa39b223fe8d0a0e5c4f27ead9083c756cc2	contract
0xfa103c21ea2df71dfb92b0652f8b1d795e51cdef	private
0x7a250d5630b4cf539739df2c5dacb4c659f2488d	private
0x8faf8e767123b4c2438a8522a3e749943bfa3b62	private
0x56e98ee376b27db02a524b20b297bc9355abd8d6	private
0x689bf9626a9c31ea690d03a9844ee9f8762ac948	private
0x1a16b2b93b37a7ef5cb0a4f978ced45fe14a5486	contract
0x5a54fe5234e811466d5366846283323c954310b2	contract
0x12fd17a121149154e4ca74b76cd85312ca66fa70	contract
0x75291c8e5b94cd4a90f75ce0442ab3e4a2c4daa2	contract
0xf2bab07739123453bd31b9f357d8cde94323af9a	private
0x3ab3ee9f20903370004a65e65be9b75a42de22b1	private
0x3db52ce065f728011ac6732222270b3f2360d919	contract
0x93823919cf51d3a5c355e1b4d21973b48dfe9d02	private
0xae0ee0a63a2ce6baeeffe56e7714fb4efe48d419	contract
0xa0b86991c6218b36c1d19d4a2e9eb0ce3606eb48	contract
0x8df8255f6d95f8e4a05bd84bc59a1f03aad9438c	contract
0x16b2e1230fe07a340d4e541bb55d025136d54b2f	contract
0x6c83d2c69948079cc247de32514b1bb2f1155777	contract
0x7b02b5ab3a308987d5b280a5c612f4667ff7f80d	private
0xcba3eae7f55d0f423af43cc85e67ab0fbf87b61c	contract
0x6cfb348b7412f1d3068b2413965be7629c2adf63	private
0x3ad19f20e39dd85e2751c544289f6c38edbe592e	contract
0x30419b1995a356df8cab5d013755578f758cae7c	contract
0xdac17f958d2ee523a2206206994597c13d831ec7	contract
0x7b3d36eb606f873a75a6ab68f8c999848b04f935	private
0xbb0e17ef65f82ab018d8edd776e8dd940327b28b	contract
0x68b3465833fb72a70ecdf485e0e4c7bd8665fc45	contract
0x32400084c286cf3e17e7b677ea9583e60a000324	contract
0x4da27a545c0c5b758a6ba100e3a049001de870f5	private
0x01923d05ebc682fdceed131724c85dbd700d3ccf	contract
0xab7a31d8fadbfaeceb5ddf3cad3a0ff044902ded	contract
0xbac99e98c14a0537dc9e45a957fefdd3dc86b54f	contract
0x8db253a1943dddf1af9bcf8706ac9a0ce939d922	contract
0x7d1afa7b718fb893db30a3abc0cfc608aacfebb0	private
0x98c3d3183c4b8a650614ad179a1a98be0a8d6b8e	contract
0xf72940b94bbfd50eabe70afe5e590900602386c9	private
0x2b49f8afd2965d04250d7bbd038d328521c9784d	private
0x8e8bd01b5a9eb272cc3892a2e40e64a716aa2a40	private
0xae9a31df19600b181ecbcef785c9610a518b0dba	private
0x00000000000001ad428e4906ae43d8f9852d0dd6	contract
0xb23d80f5fefcddaa212212f028021b41ded428cf	contract
0xa2cf22a54bbcaa2b06bfc841da1790435949e6de	contract
0x4a220e6096b25eadb88358cb44068a3248254675	private
0xd0cf60404f0c79d0352d1e154bd8481abf56e339	contract
0x6a859993d69fdcd463ac68c8d980d0b664e16416	contract
0xc4448b71118c9071bcb9734a0eac55d18a153949	contract
0x1a7981d87e3b6a95c1516eb820e223fe979896b3	contract
0x6c022bd50aaaf1a851b63da854c660726b25d4ae	private
0x28472a58a490c5e09a238847f66a68a47cc76f0f	private
0x749f5ddf5ab4c1f26f74560a78300563c34b417d	private
0xfed18c828277e3bd8610f9bae432e65a651706f7	private
0xdc9bb10e2c3f8daf84dcadaff5882bbd2e02a132	private
0x77372a4cc66063575b05b44481f059be356964a4	private
0xfad10c04d4eeb4123ab7548d1cacb7f600b7aa78	private
0x90a22c2ee4e2ea266d49a03a3e7bcf5705e2cbf0	private
0xcb1ed0e1bd0c2c077dd6b49917e39c8994889dcb	private
0x3ae16f448487cfd2f15ed882dc8bbee757d72f9c	private
0xaf5191b0de278c7286d6c7cc6ab6bb8a73ba2cd6	private
0x5d22045daceab03b158031ecb7d9d06fad24609b	private
0x0000000000a39bb272e79075ade125fd351887ac	private
0x3819f64f282bf135d62168c1e513280daf905e06	private
0x283af0b28c62c092c9727f1ee09c02ca627eb7f5	private
0x2fb9cdc313368c851b6fd74dd367391a61ddfc63	private
0xef1c6e67703c7bd7107eed8303fbe6ec2554bf6b	private
0x72ce9c846789fdb6fc1f34ac4ad25dd9ef7031ef	private
0xd0c7304156af0a4be17352d8ce214222ec66e8ba	private
0x80c67432656d59144ceff962e8faf8926599bcf8	private
0x42d13ec4c97f9553459d4739e4f7640cd8399fe7	private
0xa49d7499271ae71cd8ab9ac515e6694c755d400c	private
0x397bda36c8707f7026c4b1cf5f4bfdf51633e426	private
0x4b61413d4392c806e6d0ff5ee91e6073c21d6430	private
0x4675c7e5baafbffbca748158becba61ef3b0a263	private
0x4603180bbb8221157880afaa84638e0fc467738d	private
0x76e40d0a69fd81826b5eb7d18145626d46eafdef	private
0xfb9779477e5b4834bf2bc02dd29b97b344d0f700	private
0x17f9cd805396e5bd707bf0d5a51ecc29f1e75f1f	private
0xbbad96336943a36e3e292d973b3382dd0ba4d1ef	private
0xe00f90fdb7656f39dad321c2b0596c58d14f43d6	private
0x7ef285b836e20f35e5fd49019bf2ac78e8cf4133	private
0x2cc4e1c42e50eb702fbce88e03a449d3fd5e7784	private
0x15d6c5c7ed46598d987fdf3aa6c6fa206261691c	private
0xb0f1907f6c15ce21be6742d372b5a3536a6e030c	private
0x11c6d083e9b0748be19bfce21115fe9f8ddd7fd9	private
0x050cdfeab73dbc0e944bfe87bfcdf19e99e05212	private
0x97b6009825ba7578e9a63671e48c02bf5e7ca9e9	private
0x0e5b5924d742ac0953feae8b5dede17718c71925	private
0x97b9d2102a9a65a26e1ee82d59e42d1b73b68689	private
0xfc573e8059e0cda91fa70866e34e94d77d0c78b0	private
0x1a8ed0d3ad42c9019cc141aace7e5fb6e576b917	private
0xcbffcb2c38ecd19468d366d392ac0c1dc7f04bb6	private
0x6dfc34609a05bc22319fa4cce1d1e2929548c0d7	private
0x92d3b4fdf9d66a20478c5d319139c211a7f20e14	private
0xef4f932a16c23523441781d7e086e14617f9b02c	private
0xf839c8876a90a3e8c22aa3b105666a8d36c7e373	private
0x112200eaa6d57120c86b8b51a8b6049d56b82211	private
0x102a457be62ee0cda23f722af1930de1f72762c2	private
0x2fa981bbe79a85dc982c6ea04fbccbc3d6437143	private
0x6ece61d29b90642941c41240da924690da145696	private
0xa05450d47e54d5a939fe90188ed0335c51bbf3c3	private
0xc8ca5aa0f01626c96a027557fcea01866112da63	private
0x8ce0d1a7f2d1c54ebcc9d7bad9439ac2068609f9	private
0xcc9557f04633d82fb6a1741dcec96986cd8689ae	private
0xdb0e89a9b003a28a4055ef772e345e8089987bfd	private
0xb287eac48ab21c5fb1d3723830d60b4c797555b0	private
0xd108fd0e8c8e71552a167e7a44ff1d345d233ba6	private
0x1a48a74d8f2e52128ad15e095c125e56f4f820ef	private
0x56eddb7aa87536c09ccc2793473599fd21a8b17f	private
0xec0cc0f664daeb1e03c0df15b468077d243de040	private
0x8a2d90d5390dc44c9092a1bfa5f0ce5fe8330b14	private
0x3018018c44338b9728d02be12d632c6691e020d1	private
0x21a31ee1afc51d94c2efccaa2092ad1028285549	private
0x28c6c06298d514db089934071355e5743bf21d60	private
0xf559a3a99ced2328a227ee3c7a6f015b7c9351a3	private
0xb3382ec98b0c4453c6a81bd095d9696fc3c7ec46	private
0x357007e56c369655a38aaf67a0f107a9b99a226a	private
0x42bd63b1a54d4321c553a813380ba57359e5e5ce	private
0x56e9ccfad783e020756e599b6ccb8cf36208751b	private
0x84d3b70b2b93454e53fff335f15933da358cc3b2	private
0xd6715f048b7812f6fcfd04a84cce9f391968e705	private
0xdbeb1d833ed751436c1d147be90548bc25712bed	private
0xa588e70c70a867dd61c09ad1fb62c51ba48d936e	private
0xcad621da75a66c7a8f4ff86d30a2bf981bfc8fdd	private
0xf16e9b0d03470827a95cdfd0cb8a8a3b46969b91	private
0xec30d02f10353f8efc9601371f56e808751f396f	private
0xc5fb12c2e1b9e5759f3dd7d41b475e7542b84f10	private
0x8e8f818d3371f797a2db7edb32803607c8b3c6a9	private
0xe4edb277e41dc89ab076a1f049f4a3efa700bce8	private
0x34e285e5132c954f8939ea65d095e10c779f823e	private
0x9725c00776956141df102246b1d16f98585c0d62	private
0x3470621b22198fba6a058b30108fb6486f5ea1ca	private
0x1bdf0681de70a08c84aca3b8d32d7c85ceb88ab5	private
0xd9408f29026e32852aff8c5c9c8ea834b44b4e1c	private
0xdd47395da633881bdba28edd1abd75be68106ac2	private
0xe94629793d7cd090bb863f185c29f4316eee0590	private
0x1ae4af4451311b7c7e57e005a27113fa5a7b5bd4	private
0x824436356e9969295c0772dfab1796b25b2e2a51	private
0xb590ba7e67147af78698253b87bac88d757460f6	private
0xe94e2d7552a76612cf5645e191473a4e53eab2a2	private
0x51a4ef32705fe0f4d18bdddb2ae71f21772774cb	private
0x877b37d3e5467b4aae7687dd3480a46c8d3e16be	private
0xfe4c166c2e0363bcb7550faed457a788997e48b9	contract
0x9bca17912fe88408d420e95d49a012a8014508a7	contract
0x510750029c91a64c7e36ac20047b91c5862aedfd	contract
0xd5d2582ec8c75046d14bdc1acf96f55e6e8e680a	contract
0x9835f237957e0b46d636be7788875482c3d1b7df	contract
0x7aa46b228d0a865ba1bb473f935079ceca20e107	contract
0x9ef7a266b3fc44fb49ac3f2b35f97a3c2814fff3	contract
0x1e9d792630a08618da4272e5116a79a78e085e74	contract
0x578b076f33c021ca8ec8873be00c734559a99057	contract
0xe63ba03f3399ccdbc346977482920c7f782649b9	contract
0x2a21503036fed67ac049edbf09e963a2254b4ddc	contract
0xcdac38424e2656ce47d3c040fe22815bdc5e6ca6	contract
0x9e9b367d207b6f642267049a36a658472ed36196	contract
0x17e5e615715ca2d40024bd591174dd4bcca1df18	contract
0xf77fe12d6b0a90798deadca34b1446ee4de2f448	contract
0x4d243d7d3014d8dca8607e60a6f88b6a8e089b54	contract
0x50f7ce24d2d4e1d9ccc926e86d38528395cfdbdf	contract
0x1cbf69e47ed7181332bb20df69c51ffd755d46c0	contract
0xe1fef47f7bf763f7399d2a9655191b0a4bec1f4a	contract
0x15246f0ab34a148fddd6c8ab383979b4bc8b8cac	contract
0xc8301c772bc161d261acca1de406012afbbcf854	contract
0xa1cd815a59768634112f1200936c889d05309639	contract
0xdd6c21fedecff9f3fc06eef9e7750795e72d6577	contract
0xb7373c373e5615176c9a461b79f07a23f85d682e	contract
0xd82b867ededcf6441e3c8df7dafa6de18b544890	contract
0x8ba9632f4ac5ea6faaa576a88f30c8f50a3feb4b	contract
0x0aae9ae032b04fb8ac1f6265ecd7710f443995c6	contract
0x863c52187ec54efa134834db352f6527531172c1	contract
0xc57e998bd0349d93855abf0e70626ed2a80e8d37	contract
0x6152386135f40a86e7b6c12dda8a22fe0be6d64f	contract
0x044c53d8576d4d700e6327c954f88388ee03b8db	contract
0xa59847a8211d07749762d6e22224bca6c527de85	contract
0xc35f7fd97e9f17dccabf8e523c8f24b25685167f	contract
0xa0433bb619d1f2c459520642a611343d11e730d7	contract
0x8e228f96a562e44d810182a8d1821fa2c45bd90d	contract
0x133fadfd0eb4fa61f5aa4d0099ec5ed1706c126c	contract
0x827cda8f8a1782040af691b73747abe2eeee980b	contract
0x95222290dd7278aa3ddd389cc1e1d165cc4bafe5	contract
0xb8e140ab88ce9e2d809f11a9497b734abfc8a049	contract
0xc11ce44147c9f6149fbe54adb0588523c38718d7	contract
0x57063a2765ae77397841404972d8d014d8c98c61	private
0xdac17f958d2ee523a2206206994597c13d831ec7	contract
0x7a250d5630b4cf539739df2c5dacb4c659f2488d	contract
0x5d53c791ab4558e1f41271710e0ec821771e83be	contract
0xb5c578947de0fd71303f71f2c3d41767438bd0de	private
0x2863019e3e693dfcc549b947af43a565fcdf082b	contract
0x0a2a8f6e922f599b11bdd81ecd85c1fbebef5ad0	private
0x9d71ce49ab8a0e6d2a1e7bfb89374c9392fd6804	private
0x96dceeba056bfd03a9d1f185e0ffa96dbaf30b18	private
0x0e66346f84b59053a77364f9f0775f0189e52925	private
0x5e6cdb93313b24efb31dcca6f2e9b3adba34f597	private
0x42baa00cef2047f49860e73a2fad763b7be303a4	private
0xcc61b3bcf39469a113a6f462efe1100112ab9ce1	contract
0xed71db2b89cd5f8ed814bd1093eb943e4d964e8b	private
0x6057097ae99e3b052b2ea5e0e6ae21fd81ff99d9	contract
0x1f9840a85d5af5bf1d1762f925bdaddc4201f984	contract
0xc30141b657f4216252dc59af2e7cdb9d8792e1b0	contract
0xc57a62dc605784d9b249abf8a9e71da52e4bd470	contract
0x58f2be00864de28390c1b4d267c37239cb33d6e5	contract
0xef1c6e67703c7bd7107eed8303fbe6ec2554bf6b	private
0xae0ee0a63a2ce6baeeffe56e7714fb4efe48d419	private
0xd56479deded608434151d3fde7d01c23a6f8c6cf	private
0xc02aaa39b223fe8d0a0e5c4f27ead9083c756cc2	contract
0xa1333401527f13391469c3bbbc716120dd3e6a00	private
0x9ebaf4304cd5d3809a1f5f5e70fcb79cf26daeb8	private
0xc4e22a37420dd70099f1a7778d36d8d8bf0014ef	private
0x646b4d3c1e59ebc0b326729d9ee339fdb49af7dc	private
0x7d1afa7b718fb893db30a3abc0cfc608aacfebb0	private
0xfc284778bcbd36a06b28bf1d5459edbe7dea2c85	private
0x4e1a6578cccd559dd61cacafac1fab87bf1aa980	private
0xf9def47b3ae27d555aa1dd386950511940cf26d0	private
0x8fef490d614fce8b93bd6f28835dd35a8b3229a9	private
0x508e43e845753e5ca48a76bc6c4989d722a52c25	private
0xac783236c07fd7c2c92b2572de2c29f76a41d27d	contract
0x93b18ab97793c256695e0a6b9643c643c0821a88	contract
0xd6e19601bf15222e40168f52e30045bd9ead6c23	contract
0xcdaca112adf1b5dcbb3e466ebb82902ed41e00e2	private
0x1616c2e8668782d95ba0e8593a43af8709278f3e	private
0x5c77657a0c306657eb41fc00fe12a41defd462cb	contract
0xcbd6832ebc203e49e2b771897067fce3c58575ac	private
0x5131eb2b1b969a15662785ffa716c78b92f220fc	private
0x4d224452801aced8b2f0aebe155379bb5d594381	private
0x32400084c286cf3e17e7b677ea9583e60a000324	private
0x941a6d105802cccaa06de58a13a6f49ebdcd481c	contract
0x843bc2c83818da08d88b7cf122325ad9a0ab79cf	private
0xfcaa35f972d56acfcf4a330516a1631785e7d5ff	contract
0x8629703a9903515818c2feb45a6f6fa5df8da404	contract
0xa9d1e08c7793af67e9d92fe308d5697fb81d3e43	private
0x5ad23eb26d4e871651a50a68c961e632e3291741	contract
0xcf48f3d78dcac34c408d3b8a31b42a455e30c5ce	contract
0xc8d14d39d810b126dc200f71db367ed70934493c	contract
0x7cbe760e96d026022bf2ba82fa4c5bd4330af3e1	contract
0x3557078f1cf4df60c19aa71955c355c5dcf758fd	contract
0x35ae32383bbe179a6f5e00737768fbad75577687	contract
0x6b20b9c34be011d5da319a67d54139d2d3dacf3d	private
0x00000000000001ad428e4906ae43d8f9852d0dd6	private
0xf70c086618dcf2b1a461311275e00d6b722ef914	private
0x954044c40f3f4a1d095012e5f88dcfe8629576d3	private
0xabea9132b05a70803a4e85094fd0e1800777fbef	contract
0x97c6cda55908db396f0dc94422c2be72f82f12c7	private
0x9aec3a3bdd6ea49b80840bd8ec22454d94f222e9	contract
0xc438a010d9963a184600f6474694548377f04df7	private
0x7121d00b4fa18f13da6c2e30d19c04844e6afdc8	contract
0xc944e90c64b2c07662a292be6244bdf05cda44a7	contract
0x4ade847f90aca8119fbfb6544c59de3708aa4059	contract
0x9a0d63911620f7fc15c3c020edbe4d7267ea3e4d	contract
0x67f49728b8d0d09412ffcefe34409db0c20e0eb5	private
0x881d40237659c251811cec9c364ef91dc08d300c	private
0x1111111254eeb25477b68fb85ed929f73a960582	contract
0xb2d1464ae4cc86856474a34d112b4a2efa326ed9	contract
0x72ce9c846789fdb6fc1f34ac4ad25dd9ef7031ef	contract
0x7d311ccb3b4f5006a1215418bfc45961fc5609e4	contract
0x52a8e43b7accb7aad22e467e8865701e4306df33	contract
0xfb5b3174aae2a6529d791ff9dc807ac4220cde1b	private
0xe4edb277e41dc89ab076a1f049f4a3efa700bce8	contract
0x9a34af2cbd318f447a51a70501c032b9ab59dcb3	contract
0xd6fca65266adac7a35d679ad53dd3aea1f94b95f	private
0xf01c994e79586eeef069d3603abae385d64df0e6	private
0x4be89e1ca3c7ea380ccb741ce3f2d221cd60ee22	contract
0x000000000000ad05ccc4f10045630fb830b95127	private
0x7128cfe6f4c541596ef486b6238b701d4f1aa5f6	private
0x0ac650f878cc45a23727fa13b67d019b37b379ba	private
0x616e8bfa43f920657b3497dbf40d6b1a02d4608d	private
0xab8c867a8bf0c9ec800cfed5236c14e78e324926	private
0x749f5ddf5ab4c1f26f74560a78300563c34b417d	private
0x0fcbc31c503b4a9ed90e87f8ff46c318a4a14260	private
0x380d3ad539115c0ce5992e417a080662acf8c069	private
0x565e6ea9b5aeaaa9e679ee5834e9e8755306418c	private
0x8a2b94860e34f6fdd2bb76ee881b280598f759e2	private
0xd56a0b5d09d82dd1d73fa99c6ebf6e79891a65be	private
0x01b1a17d5938c11355aa1037dc91beb3b2cff3e8	private
0xc36442b4a4522e871399cd717abdd847ab11fe88	private
0xb645c08a5b873d9427baead2d9908e3955a7f6f2	private
0x0f51bb10119727a7e5ea3538074fb341f56b09ad	private
0x0000000000a39bb272e79075ade125fd351887ac	private
0x03f7724180aa6b939894b5ca4314783b0b36b329	private
0x3819f64f282bf135d62168c1e513280daf905e06	private
0xb8901acb165ed027e32754e0ffe830802919727f	private
0x0a9f824c05a74f577a536a8a0c673183a872dff4	private
0x07ced903e6ad0278cc32bc83a3fc97112f763722	private
0xc5d43b30aef290dc1e11e0b792926bc0a6806d3a	private
0x0000000000c2d145a2526bd8c716263bfebe1a72	private
0xe52cec0e90115abeb3304baa36bc2655731f7934	private
0x82e0b8cdd80af5930c4452c684e71c861148ec8a	private
0x80c67432656d59144ceff962e8faf8926599bcf8	private
0xe1ca81ded6e7b76e2d6c47bd166e74e9d0eac6a9	private
0x67054183db455d74839d1ea11f7e497350f64c71	private
0x8e6c5023f673643718ceb0bc0b1f82433b8598c7	private
0x42476de112450a5617d81a0da3118e7becbc7858	private
0x79b7a69d90c82e014bf0315e164208119b510fa0	private
0xc35fb86f962ea955751a793a007b5cdd44f798d7	private
0xd4bddf5e3d0435d7a6214a0b949c7bb58621f37c	private
0x7f2d15040336b0c84a14d6551ed582eb44b626fc	private
0x941a8093c3d975326a3089f4df8228218bf63698	private
0x46340b20830761efd32832a74d7169b29feb9758	private
0x0d0707963952f2fba59dd06f2b425ace40b492fe	private
0x88b57f9684e04f8648ce9c29fa5d54b079540e4e	private
0x01b5d20f237ea776f4391020d22ff2be4b2374d5	private
0x75e89d5979e4f6fba9f97c104c2f0afb3f1dcb88	private
0x595063172c85b1e8ac2fe74fcb6b7dc26844cc2d	private
0x6dfc34609a05bc22319fa4cce1d1e2929548c0d7	private
0x8effa9e8618ef030e0c865983c99d240cf4c3062	private
0x97b9d2102a9a65a26e1ee82d59e42d1b73b68689	private
0x167a9333bf582556f35bd4d16a7e80e191aa6476	private
0xa3af00a4ca8a11b840b1cb190d1c1d66da1546fc	private
0x766182bfa8b8790d61c4d7e7912c1c3a6f42cef6	private
0x58900914802109a1c1010526eaf34399a75f2288	private
0x2d866cfe0694042e27896917db1a877a71bf844e	private
0x51836a753e344257b361519e948ffcaf5fb8d521	private
0x010a3ce99816d533ff9772f9981aacf2780c906c	private
0x328732c12e48cd1c4a6139f4cf32f26658b036ec	private
0xa3668d0d94dad5c732ce915a443991f05913f0f8	private
0xc58b8a8f284cb827c45ebb1bf6b57ac4cbc3df04	private
0xe38528e12594d0abde5186a9aaf49f0db8c73c24	private
0x4ba94bfc508b9daab5a26e23e803efe56469407a	private
0xdf7695f9f4ff49ef820155433c44a6734077ce1a	private
0x3112ee463859a0b8f5d99e88ab119bcb89b3eeae	private
0x151b381058f91cf871e7ea1ee83c45326f61e96d	private
0x8216874887415e2650d12d53ff53516f04a74fd7	private
0xbf94f0ac752c739f623c463b5210a7fb2cbb420b	private
0x4b5da3641cdbce92d7046d6a649cf57c9aa4dd56	private
0x87c23911c438f13dd09b914be5899ce9dd60527f	private
0x126accde9fa7cdc6cc8dcaae1f5071baae8a732a	private
0xdfd5293d8e347dfe59e90efd55b2956a1343963d	private
0x9696f59e4d72e237be84ffd425dcad154bf96976	private
0x4976a4a02f38326660d17bf34b431dc6e2eb2327	private
0x28c6c06298d514db089934071355e5743bf21d60	private
0x56eddb7aa87536c09ccc2793473599fd21a8b17f	private
0x21a31ee1afc51d94c2efccaa2092ad1028285549	private
0xf89d7b9c864f589bbf53a82105107622b35eaa40	private
0x80c102931e4336e01735077cddfc60c577098e04	private
0x929a6daac5b4de72a0ea5ca4c460b0d248a45ce3	private
0x477b8d5ef7c2c42db84deb555419cd817c336b6f	private
0x9bd9427214461c4fb3d0cc20273ad97d5736c82f	private
0xe50f2219e8a1090c20ec5f10d53b46b78c61cbe3	private
0x80bfdd1d63d909309e2bf9fc6484172e3d5239bd	private
0xbf0a789026d6c81ebe0a339d19186e2797c27658	private
0xf4d18f4da9fba6a54b084ce5dfb0369d053a96ae	private
0x1b0ad0554a151c350481852e02e9a76a171743b6	private
0x046f9c93709ef57e224851b75693cca78420d945	private
0x60dfcd9996a143721723b0c37b3aba0d1e0a424e	private
0xe1982b59fd4b5e8a347ce78f7d5f0c425e60a2a3	private
0x589407d8759aadb031059e1fa68076675e2d4f6b	private
0x455a3c5ec300cac5038fa5b76abd1f370e4ea4f2	private
0x7830c87c02e56aff27fa8ab1241711331fa86f43	private
0x3cd751e6b0078be393132286c442345e5dc49699	private
0xb5d85cbf7cb3ee0d56b3bb207d5fc4b82f43f511	private
0x7c195d981abfdc3ddecd2ca0fed0958430488e34	private
0x15796ee2bdfcca6fe115a7a2468a9f8b102d0691	private
0x70b96253655ccc57c9a908540d34cbba36681522	private
0x0c183f90eabbee9a78cd8a3e8436a023be5ed162	private
0x4c9af439b1a6761b8e549d8d226a468a6b2803a8	private
0x60e017876c606b4fc08e235ab47599258df120b3	private
0x974caa59e49682cda0ad2bbe82983419a2ecc400	private
0x8fa1f2969082a8d141da3f0dd06d308c783fe7bb	private
0xbde1148eec7b6939f6d6ccf9aaa020f3c0bcc180	private
0x8b4d8c60368a78c600187dfab3c77f1957d2ae72	private
0x9544813caf8149e788f21f48d363f644bce1828e	private
0x435e1776be642ab69118f2cb6de60efde298e463	private
0x90ec62e539621d39e315108c7b6c4eb0d728cf82	private
0x8c4b7870fc7dff2cb1e854858533ceddaf3eebf4	private
0x1d1be19c7185ce44450f26330afc148b515bfdb2	private
0x8ad4b4d88421d3b51722cc4268ed73fc15ac7cd7	contract
0xf615f6cd17de059554b86d55d271fb2dbfbeda47	contract
0x607201da23530ec21b8b2a1f620038455c5a6fcd	contract
0x833f7d80949463216ba84408a6da30679d2e97ae	contract
0x21a3a6d8325dbf6782cf1869dd56c71fc5e7dba8	contract
0x6b003ce2d43f47fedbfb7e7021d092c6664749dc	contract
0xb565bcc76c6478ec2317ee49b196c6e1f8549f0c	contract
0xe19723e0894a9eccea1dcd15dfe1a794171e5c81	contract
0x9c0998152d9654b3dcad1da31bb01bfa0b61892f	contract
0x494602d1e42d7635ba994c470e21698cad9b8d55	contract
0x5b55a78e0004287faa6ba1ca7261fd6cfd66264d	contract
0x996c81085c734510ec6e7f21dde3d425e5928ddd	contract
0x44fac4b688738d9e59bc051a12b17647ecfbcf93	contract
0x3b301d791467ed587e14a8f63d1ebd26945cf450	contract
0xed087dbaf32166e8e076f3a450ce6316d2f23b72	contract
0x0efb853c40e9429ccdfe9564626da3a74ca3f5ec	contract
0x9905e9d4abeaad75e5b2426bf91fa7234bde2f5c	contract
0xb306e2dabc78cc94559c6b39769c254068e180fa	contract
0x64a293532789bb0c6547ee675fa3f899cba4be85	contract
0xb5a13a9e58ff56d70949390687756c99c88a7020	contract
0xf978282193eb09e987e0fb757f213396d3cdd765	contract
0xb3ceeae39de1cd0fe01443349273c28ed944aacc	contract
0xf066afa65b8bcd60c5332dbffd8510ed92c6b966	contract
0x4de71975b494a03c364f9f9543ef35982bbebab8	contract
0x54664c16c3f5d0bc33bf914bc82da9a2275f0ea2	contract
0xd5ebfa3db40f482c50aa447e74d8fe18d0f08c80	contract
0x7d6b8f693a99a4c0f0203d6325930cd146842d88	contract
0xf48f8dee0fc73f765b804a39de5b3228c4cae826	contract
0xb8868d0e378e9519f9d751b27efbbddfbbf1112f	contract
0x38bd9ce0161686ca87f7f2fc4c1ca2b5a6ceaa2f	contract
0xae743e1ca3ac1ff72b9be5943f4cba41535bd692	contract
0x8e721bf61fa75e74df0d7b2c690e044c060a0a83	contract
0xd1aa05afed75591d20bdaf74c8183ee1e1614286	contract
0xd56b0aa1ba7d4d51af3aac4ad489ec7e5307706d	contract
0x65a849d982427a534e9cf05845f1e6f04b76ca5d	contract
0xcd70cd87226d410bc3e4707befc971d9058601f1	contract
0x9512f0932dce413aec8ac407c2f556ec8b3766d3	contract
0xbf316f3191ed10d1228cbbd95bdce32eb4e0ee7e	contract
0xf9a00dfaaf49fda5fc370779a8435a6b75a83471	contract
0x6a3c0f5b839406956a744508296bd1646947e5fd	contract
0x99abbb2b70b654f3c8bf5c85dad97f21651fa83a	contract
0x5139b3cb353e6c5755ca092ec175b2cc0ee734c8	contract
0x603f6fe8981cb51c6348fe68422bfe176db3ff20	contract
0x57edf3690d5318694ddb0e44ec018cdddbea0b9e	contract
0x85f455a02f07d0fdea27f8bd28e0ce0c86a54294	contract
0xec4a2742bbcfba37234d91cf15224dc5e0da1a9e	contract
0xa2221c3a45566974ae5a615f8b843f5e4eccf7fd	contract
0x17d37807e1cb954af8526674e1d15ff432e80cd5	contract
0x40a9c2ec1065e58addcf1be82194f0fb1bac3ef1	contract
0x7afb4c17d29690011a4f5f40acd1beee09914b48	contract
0x04a8199238b9dae5263bc6778e3a34f096818d8e	contract
0xb15d4e992f18a187d25b58343ae6d2473ab1b275	contract
0x4902d382ab4b83265fb6b349b80caa0091911bca	contract
0xc2f4dc3d777313cb83463cb08013884a75aa5811	contract
0x8277797098283ec719b0f40561f087e11ee1306e	contract
0x88adfd17c642b499679cf6dc9811523768900caf	contract
0x5d22045daceab03b158031ecb7d9d06fad24609b	contract
0x280027dd00ee0050d3f9d168efd6b40090009246	contract
0x32400084c286cf3e17e7b677ea9583e60a000324	contract
0x7a250d5630b4cf539739df2c5dacb4c659f2488d	contract
0xa0b86991c6218b36c1d19d4a2e9eb0ce3606eb48	contract
0xa5d1bd85cc12dcaee3424ee3b78fd647c0742b70	private
0xdac17f958d2ee523a2206206994597c13d831ec7	contract
0x1d7e38c6f26565db4fbfefa7e95045e9ba51140d	private
0xbad68a070efec26d0af284a0f85a7920e520bae8	private
0xbe2a5befd8748d9c5e96aa033d570d04df72fbf6	private
0x1eeb1446427301293e1e88f4c5145973842e0992	private
0x993864e43caa7f7f12953ad6feb1d1ca635b875f	contract
0x0f51bb10119727a7e5ea3538074fb341f56b09ad	contract
0xa88800cd213da5ae406ce248380802bd53b47647	contract
0x53e0e51b5ed9202110d7ecd637a4581db8b9879f	contract
0x91305fcd0371c86611fd3494f2aa1c0a12dd74d0	private
0x33e096ea28f4b9b86c5ac3cfa209141467847187	private
0x450f9f82ede7f6532c3b5495e3ac40ee0a75609f	contract
0xdbd324b73f6f85bf9013b75c442021303b635ff9	contract
0xd1f17b7a6bff962659ed608bcd6d318bb5fbb249	private
0x2a9d00125b155eba94e75c778c8c62088b2ac5bc	private
0x64fbe85b1d8ef3c9970b14c1c6d57a04cc673ed5	private
0x6a32002c5c46630fd7726cf4ef1db28c686ac201	private
0xae0ee0a63a2ce6baeeffe56e7714fb4efe48d419	private
0xbd90dd1e6676bfbd95352580a5ee213eda3acde1	contract
0x583e63d15cd559280e379c63ee42693a795b6295	contract
0xbc2d1fd0912ba2855bed5977459556daf193430d	private
0xb622605297d452e014d42af4a59790b88b1f42ff	private
0x9dac844a08c03d6c62c8b8b32f1d7cf74c4ade3c	private
0x00000000000001ad428e4906ae43d8f9852d0dd6	private
0x27c70cd1946795b66be9d954418546998b546634	private
0xc97d6c52f3add91fa1c5287a453d7444aecbca83	contract
0x5283d291dbcf85356a21ba090e6db59121208b44	contract
0x113962e7601331478c2d4262dd2bf68776c1527e	private
0x6d1988baaebfe7924f1692911cd451f38ec5ade1	contract
0x62d7b2acb5e88433f0899019bf756426f3ac22ae	private
0x60acb6ea3be3cbd2f8dcca463daa4e71f54d7a7e	contract
0xea0c5f19130018efd218ef7df5f77cfefe80f84a	private
0xc5c5d1c84236307719bf3ff5510202ffc235d011	contract
0x0d3112a0f41f7564dae2e714c899219618f61d02	private
0x3506424f91fd33084466f402d5d97f05f8e3b4af	private
0x95ad61b0a150d79219dcf64e1e6cc01f0b64c4ce	private
0xdca549a9f4920d72a1027e7b882b13442259430d	private
0x5bcbdfb6cc624b959c39a2d16110d1f2d9204f72	contract
0xcb2abea47a05954c2ef1770a9507a421e4d1613d	private
0x81ae11405582d8c8bb67f5aeb7d00e51fe73ba8e	private
0x9ffd8d794739ee48dd0e6c441db52aa8f34e1afd	private
0xcade3bf45e490ebac533e3e2fabd92f016b6db8a	contract
0xa0c68c638235ee32657e8f720a23cec1bfc77c77	contract
0x77021d475e36b3ab1921a0e3a8380f069d3263de	private
0x80628aa6ac738827e8c55eeb79f43a9b8f8bd7de	contract
0xa9d1e08c7793af67e9d92fe308d5697fb81d3e43	contract
0xe2fd794ebc8e6b1be77cbbf9ef4835a4e6b598ef	contract
0x49cc5b9decce78d8c4bf1a12a99d2cd63cca28ad	contract
0x40f9c746b433932ce2bfb150ae3d6c8d4c07aac9	contract
0xe433b37b783a173b6fd90cfbb9346cfd6343c727	private
0x8967ba97f39334c9e6f8e34b8a3d7556306af568	private
0xaf23ee86a9e61051f3c3d0485c86066f68a0702e	private
0x58f2be00864de28390c1b4d267c37239cb33d6e5	contract
0x92e929d8b2c8430bcaf4cd87654789578bb2b786	private
0x8d4f6fe578e3718ccc5fe923e7e29b78bde6776f	private
0x0b68dfa0f3d7eff7969ae3925deffe162d3e488d	private
0x6c4f5cf6883422869c982a3f22ae94542d317af8	private
0x5427bc74f0cf490e0ca72d8cda63f28e91ef032a	contract
0x4900c72c437640711f907d729e3d45f0616e5425	private
0xef1c6e67703c7bd7107eed8303fbe6ec2554bf6b	contract
0x881d40237659c251811cec9c364ef91dc08d300c	contract
0xcbd6832ebc203e49e2b771897067fce3c58575ac	contract
0x1522900b6dafac587d499a862861c0869be6e428	contract
0x48ec5560bfd59b95859965cce48cc244cfdf6b0c	private
0xdef1c0ded9bec7f1a1670819833240f027b25eff	contract
0x0000000000a39bb272e79075ade125fd351887ac	private
0x054460490780a6eb15625d703db1754e0b78d846	contract
0x29b09ba5718cb32b522f01f5980ce8af122b8b22	private
0x73bce791c239c8010cd3c857d96580037ccdd0ee	private
0x49e113872a0a7ea4a31dc8f9d5357c8c39bd1147	contract
0x3d1f2dcd811e2ba5ab08fc8040e3c84863793e54	contract
0xa2335035361938ed9f87f7357e4a11c8ad907a27	contract
0x091f86ba22f464e41588f2f80bb50bf6f70b0436	contract
0x1459c170e940e52628d9917c85772f7e897e7c0c	contract
0xa1f17221e123d19a99e4d91522620b8799774762	contract
0xe4edb277e41dc89ab076a1f049f4a3efa700bce8	private
0x80c67432656d59144ceff962e8faf8926599bcf8	private
0x3e44bbaa2a3a2d38963513a5bfb44e431b19fe61	private
0x42d13ec4c97f9553459d4739e4f7640cd8399fe7	private
0xb3d9a3fa95ebec34b437fc2ef8ddd6e6c2f1a5d1	private
0xc02aaa39b223fe8d0a0e5c4f27ead9083c756cc2	private
0x4dbd4fc535ac27206064b68ffcf827b0a60bab3f	private
0x529574d1affef7cf347cdd02b91efd2c00bb773b	private
0xe7d3982e214f9dfd53d23a7f72851a7044072250	private
0x07ced903e6ad0278cc32bc83a3fc97112f763722	private
0xd01d9f59b4069a86bf5a2b867077515bf94dc64b	private
0x283af0b28c62c092c9727f1ee09c02ca627eb7f5	private
0x69f0b8c5e94f6b64d832b7d9b15f3a88cb2f6f4b	private
0x011b9a8ef3ba53b7a3b1726d18996385a6a861ba	private
0x74312363e45dcaba76c59ec49a7aa8a65a67eed3	private
0x6fc32dfa54a2c44c8092e359880133dd5e71b083	private
0x8e92088d69c6176d3262e8e77ec9d67b2fe6f3b1	private
0x2f6a6f67813a99c0f454fe57b6cbd868b2612326	private
0xfc4913214444af5c715cc9f7b52655e788a569ed	private
0x1c479675ad559dc151f6ec7ed3fbf8cee79582b6	private
0x9de6b5686469a7816e9a81e34aeeffc3fbf1a52d	private
0xbc086e401df3cc61ccb24271c4e90b53e8c3b847	private
0x3fdf3d77323cdd339c83f4c9825f82cc2fd7fbeb	private
0x94e03061d6dd0e55da3fd82ae793adc1a0dabe78	private
0x29bc8ab14caa6c1f6ec9c82805ee94ccca9bde90	private
0xed75ee05e8cbca866d99d9055cd1e269512a6ac4	private
0xc5ce098c245fb10d34a755c8f5a5063e7afb2bc8	private
0x82a27fed2a2800b71d4d67a3cbed595281fc3213	private
0x5c95a672e34b3252482ed9a215f2926d2887845d	private
0x7c92e94942f329c3152c12ab0284c2b0a263b1e1	private
0x586d30bfb8a5e78a3b8a9a4334ec927c9142cd5c	private
0x376a4b35db957b13097c5052b67805f18070e561	private
0xb230fad06a1fffd9fe7378eeb78394e7e99c8209	private
0x46340b20830761efd32832a74d7169b29feb9758	private
0x75e89d5979e4f6fba9f97c104c2f0afb3f1dcb88	private
0x9108813f22637385228a1c621c1904bbbc50dc25	private
0x0117eaa81fb1d800c3d8c9033ea2716d328f5d98	private
0x2e2af05e32e03f284a3df4e1f232a7d696322228	private
0x9762e3d8343badbc971ae97932d7a42c6a7333f1	private
0x595063172c85b1e8ac2fe74fcb6b7dc26844cc2d	private
0x19f494583c7c933be7b0ee58104ddafac1e8adfa	private
0x95393b9126e2345d28214b332093150091d193ea	private
0x2b70d204c1d89350f367195fc8cb275358afda96	private
0x7d9326d3b6a485e2d570158522eea103b8a31573	private
0xefad6f509b29bb9af39fbcc4c36991b0d98fb523	private
0x389044f3ac7472060a0618116e3624a5f0f20f28	private
0x7563758243a262e96880f178aee7817dcf47ab0f	private
0x5d442e78ea72add2186ac20fa327addf76401bad	private
0xcc9557f04633d82fb6a1741dcec96986cd8689ae	private
0x021633ddf7d699fabad15782effc7ac882f14515	private
0xbb39287c79512ef822ff3a59669d780122883f94	private
0x276dfeec6f5772156b19116d76d1e3deb3b6f0b4	private
0xf42afc6f6f3c7f7f14c7082039fae8e5d8e4292a	private
0x97b9d2102a9a65a26e1ee82d59e42d1b73b68689	private
0x46705dfff24256421a05d056c29e81bdc09723b8	private
0xe1939b2bca37d596069747267732a59fecdb1a1b	private
0xdfd5293d8e347dfe59e90efd55b2956a1343963d	private
0x28c6c06298d514db089934071355e5743bf21d60	private
0x6224b227401255bc24345206cde957fc9e6970cf	private
0xf50166f8334937d6a1dd3c74560e2f6983b086c6	private
0x386e5fdeb8da9f7288677854f9032b11a2066b98	private
0xbef5ceab80669f09cacbec512a45517ed132007d	private
0xf6affff7e3c89786a326aa69cca0f37dcbe187ae	private
0x5a2eca7106e0da313cf8780b990e4dd615f36d35	private
0x00aeeec9b69d59148a24429ae637b04809e5d08a	private
0xf2b0da6c414235973b032ddf7497161b3ef6c260	private
0x4976a4a02f38326660d17bf34b431dc6e2eb2327	private
0x56eddb7aa87536c09ccc2793473599fd21a8b17f	private
0x21a31ee1afc51d94c2efccaa2092ad1028285549	private
0xf51cd688b8744b1bfd2fba70d050de85ec4fb9fb	private
0x70c00f5cdf44e48e7f75ae4661fe545870fbab2e	private
0x76e8c700013e5f259aca0778b170d58f73bd70ef	private
0xac25bf34ea4e0377644a99f8aa351df7e309e6e4	private
0x6c2147fcc4bae2e258bbc542e477df1fa6d23988	private
0xef28fe4da9fd4c23b55161f8a61ef278d0a742e1	private
0xf42ec2d3b4edc3bffedb5bb26f694504b1060839	private
0xfef09e80d8af50acde32c5e74daec7b75dad86a4	private
0x1a75d072771552c722e9a7208cbf67aecf02f385	private
0x94340b7ee67b6524c1549f18a0404895dce302e7	private
0x3b813a43c772feb5263dd552fab34c5ed32d4bd3	private
0xa58ca61d3e390b49e4fb881d8e727e7ef14332fe	private
0xf0e960e02f9d3ad50bcf832abc1e0136c1aa1147	private
0x04d67812c4d5e5d717bf5e5b5a8bb6101e46ede2	private
0x182338d63548fcd6fbee56d4101304af40c793f2	private
0x21489cf3f30b9a68e47849885c8862e7fe8d6ff4	private
0x7830c87c02e56aff27fa8ab1241711331fa86f43	private
0x7c195d981abfdc3ddecd2ca0fed0958430488e34	private
0xb5d85cbf7cb3ee0d56b3bb207d5fc4b82f43f511	private
0x95a9bd206ae52c4ba8eecfc93d18eacdd41c88cc	private
0x77696bb39917c91a0c3908d577d5e322095425ca	private
0x2500ba092e37fc37ae8acd6de12d4806b44ff52c	private
0x402a63f4bcbebd9d12e649b2f63573fa40e9dec1	private
0x647ac18fae846aa648c306b1a7b65e2effe7967b	private
0x74dec05e5b894b0efec69cdf6316971802a2f9a1	private
0x253dd57300904225762960755b7662e6ae06492d	private
0x74a81007915dabdb871713cb20d16af2cf1ca49f	private
0x870234aa218d746c19212b295b77ccf47ffca652	private
0xfb70021d57accdec4f5b6e68454a4a96ff3d656f	private
0xca2305220aade7584ae09b686fc69c54d1d923bd	private
0xb5f51e50c2ec0828c6dce3608a8bb9a7d4442bb9	private
0x2cbd41715e5ab218f8b201e93214a696ee5fe860	private
0x6300fdee657e46ceed83081fd890a4046ea6d600	private
0x4521f32fbba6c5b4e5182f27fd95ed9fbf5d4c6a	contract
0x00bdb5699745f5b860228c8f939abf1b9ae374ed	contract
0x538d72ded42a76a30f730292da939e0577f22f57	contract
0xa838d2a204cef80582f95b69b381d1112a95d5ff	contract
0x8513f5062437b206d9ecdec05090dce8a6d77aa2	contract
0xe90de9da049eea68913977f3aaeb7faf1917ff97	contract
0xeab9f671bdc7157b275793780eb4c5cd23147680	contract
0x84f2d7ed9200d8c333c159a467387a155a78fa6a	contract
0x67593911cd721bc0c69fffdde4456a28cffffcc2	contract
0x7af08a3a13ce0a27af836cf0c661fbb806645cca	contract
0x33de43dad6955655ec0543f32069ac331e633c9c	contract
0xe3aabde4dd0cc779eaf4713aaaf286455f92dd15	contract
0xb58e1f6d8a417228fe8d39c509c001b32a9160ea	contract
0x97c27d2cc21ba7bf8c4c64ef6194a19a6cbfcc74	contract
0xeedf27cdb661939908c04fd2fb2fd4f57616a250	contract
0x9139225d36a07acb966caf80a440893f4e6a172f	contract
0x9b50f6ce5930b0a08397815d5ab16c09a45d6d94	contract
0xdad936372744cd2db667d5ea6a9de7bc8e2a674f	contract
0x44ef4e21490d454d2d9e2b5fc32b74c384d51744	contract
0x930afc95f79eec9f9285384b5c383fe106193d72	contract
0x14ac33f348c01dda8093c804930169da9f655a0c	contract
0x2f25ed92edbd60f4801e27984dd5186e03bc141e	contract
0xba2dc97bbf3b2a00be4c39c6a3e0b7a3ea15639f	contract
0x6f9bd7e79bc5c924beb29ca0e1b2572b93eb11f1	contract
0x790abbf2bdda651f3f367fb8f8b1c7c11aa6f10a	contract
0xe444e9a483aa7b62fcb6a50f4defb52f0d4b03fb	contract
0x64096886bd5861b6e1406d1deceb23ece2b33ebc	contract
0xdf3d58d2cc8a4f9e9e3003f87571094ed7671589	contract
0x65ae53001b18b53ac85d7c2935e58ecd9a302bfa	contract
0x3272206f6aaa046df39d7a7fb81d8f24b20b7dc7	contract
0x4feb283738e5e9651107e4447819a4d999a5865f	contract
0x1c5621329ef2d7748040fdaae74323ceca1c1c91	contract
0x2172cbd2524c46be0b87b1cface878d8c9af2f76	contract
0x62aa301c558962b035967d12847ededdae6e975f	contract
0x25bdfc6f2792ef6123695a159905542af3ac4b37	contract
0x16fd03ebb4eddbe433b6672a1b805e5ae49f87fb	contract
0xb37306a4f6638ec8759db7dd1716294ed6b51fa9	contract
0x2a6131553f4e82106ed476bb92ac18455135879e	contract
0x2c6452c20f0f442803ac0554539627da005f0f12	contract
0x76486d10186f5ae9a899d51366d663d878590f67	contract
0xc1b634853cb333d3ad8663715b08f41a3aec47cc	contract
0xceb3cfb11bad3c5e62b42474921fb1cc757746a7	contract
0x154421b5abfd5fc12b16715e91d564aa47c8ddee	contract
0xcf1dc766fc2c62bef0b67a8de666c8e67acf35f6	contract
0xc4ba5e96206529f80ad85340ff49e3be512b7710	contract
0x3f41b599d82d1220160eed17a9250425402f43fb	contract
0x0e719e9cbf0fdad8a5c798e32e9541438699e15d	contract
0x58a1c63851dafbf9c2e8c3bc96df3e1b8189c08f	contract
0xd3369fcedef5aa72cf281d5d5ae46927da0400ec	contract
0xe9d440f83ac2de911f6b6374440d3e54b7998944	contract
0x1f9090aae28b8a3dceadf281b0f12828e676c326	contract
